frag_id,Species,Treatment,Trial,weight_g_weekly,surface_area_cm3_weekly,rgb_weekly
Mcav 1.1,Mcav,PBR,PBR 1,0.0538333333333334,0.2926666666666666,-2.473092592592593
Mcav 1.2,Mcav,PBR,PBR 1,0.002666666666666373,0.1416666666666666,-2.3173148148148144
Mcav 1.3,Mcav,PBR,PBR 1,-0.0045000000000001705,0.1766666666666666,-0.9702222222222238
Mcav 1.4,Mcav,Control,Control,0.027666666666666135,0.2221666666666667,-1.9141111111111115
Mcav 2.1,Mcav,PBR,PBR 1,-0.023666666666666874,0.16499999999999995,-1.6248333333333373
Mcav 2.2,Mcav,PBR,PBR 1,0.00216666666666665,0.2271666666666666,1.4281111111111073
Mcav 2.3,Mcav,PBR,PBR 1,-0.016500000000000032,0.4096666666666667,0.379296296296296
Mcav 2.4,Mcav,Control,Control,-0.014333333333333087,0.05550000000000003,-1.3013333333333297
Mcav 3.1,Mcav,PBR,PBR 1,0.01750000000000007,0.2693333333333334,-2.405333333333329
Mcav 3.2,Mcav,PBR,PBR 1,-0.03049999999999997,0.17350000000000007,-0.24187037037036893
Mcav 3.3,Mcav,PBR,PBR 1,-0.0025000000000000946,0.26500000000000007,-1.1837962962962958
Mcav 3.4,Mcav,Control,Control,-0.00883333333333288,0.14349999999999996,-1.8056666666666648
Ofav 1.1,Ofav,PBR,PBR 1,-0.020166666666666444,0.053833333333333254,0.49516666666666725
Ofav 1.2,Ofav,PBR,PBR 1,-0.024333333333333467,0.14166666666666675,0.6155370370370387
Ofav 1.3,Ofav,PBR,PBR 1,-0.02266666666666654,-0.006166666666666654,0.6578518518518498
Ofav 1.4,Ofav,Control,Control,-0.010166666666666657,0.09450000000000003,-0.7655925925925947
Ofav 2.1,Ofav,PBR,PBR 1,-0.014166666666666808,0.05316666666666666,1.0900740740740744
Ofav 2.2,Ofav,PBR,PBR 1,-0.009000000000000044,0.02849999999999997,2.736888888888887
Ofav 2.3,Ofav,PBR,PBR 1,-0.0216666666666665,0.025666666666666726,3.2524814814814818
Ofav 2.4,Ofav,Control,Control,-0.04749999999999973,0.05233333333333334,-0.3058888888888873
Ofav 3.1,Ofav,PBR,PBR 1,0.01133333333333327,0.1051666666666667,-0.39629629629629665
Ofav 3.2,Ofav,PBR,PBR 1,-0.039,0.1791666666666667,1.2239074074074026
Ofav 3.3,Ofav,PBR,PBR 1,-0.0086666666666666,0.13716666666666674,0.3632037037037037
Ofav 3.4,Ofav,Control,Control,-0.006333333333333376,0.18533333333333335,1.029092592592593
Pcli 1.1,Pcli,PBR,PBR 1,-0.017833333333333812,0.2688333333333333,-0.8860370370370371
Pcli 1.2,Pcli,PBR,PBR 1,-0.03699999999999992,0.06766666666666676,-1.1223518518518507
Pcli 1.3,Pcli,PBR,PBR 1,-0.04900000000000008,0.0195,1.490166666666667
Pcli 1.4,Pcli,Control,Control,-0.05666666666666664,0.20249999999999999,-1.3065555555555548
Pcli 2.1,Pcli,PBR,PBR 1,-0.06533333333333324,0.13433333333333333,-1.771944444444441
Pcli 2.2,Pcli,PBR,PBR 1,-0.09733333333333327,0.33949999999999986,-3.575740740740739
Pcli 2.3,Pcli,PBR,PBR 1,-0.0698333333333337,-0.10149999999999999,-2.4637407407407395
Pcli 2.4,Pcli,Control,Control,-0.06216666666666685,0.345,-0.37172222222222234
Pcli 3.1,Pcli,PBR,PBR 1,-0.06099999999999994,0.060166666666666625,-3.2608148148148146
Pcli 3.2,Pcli,PBR,PBR 1,-0.05200000000000019,0.08666666666666667,-3.0818148148148103
Pcli 3.3,Pcli,PBR,PBR 1,-0.08249999999999987,0.11800000000000004,-2.9651851851851845
Pcli 3.4,Pcli,Control,Control,-0.059499999999999886,0.21600000000000005,-1.7589074074074063
Mcav 4.1,Mcav,PBC,PBC 1,-0.017366666666666752,0.08566666666666663,1.7174074074074117
Mcav 4.2,Mcav,PBC,PBC 1,0.0014166666666666217,0.23416666666666672,0.2578148148148145
Mcav 4.3,Mcav,PBC,PBC 1,0.002466666666666691,0.05399999999999997,2.517388888888893
Mcav 4.4,Mcav,Control,Control,0.005249999999999903,-0.052833333333333364,-3.841129629629627
Mcav 5.1,Mcav,PBC,PBC 1,0.011116666666666516,0.19833333333333333,0.010925925925924673
Mcav 5.2,Mcav,PBC,PBC 1,0.02053333333333344,0.123,-0.6370185185185164
Mcav 5.3,Mcav,PBC,PBC 1,0.03233333333333318,0.15666666666666665,0.6204074074074057
Mcav 5.4,Mcav,Control,Control,0.012250000000000169,-0.05033333333333334,4.794648148148149
Mcav 6.1,Mcav,PBC,PBC 1,-0.009216666666666503,-0.05883333333333329,-1.5863703703703702
Mcav 6.2,Mcav,PBC,PBC 1,0.006583333333333237,-0.09200000000000001,1.4922407407407452
Mcav 6.3,Mcav,PBC,PBC 1,-0.00973333333333315,0.03833333333333333,-1.0320740740740746
Mcav 6.4,Mcav,Control,Control,0.006466666666666694,0.0015000000000000568,1.1637222222222217
Ofav 4.1,Ofav,PBC,PBC 1,0.03509999999999991,0.18333333333333326,-1.8495370370370356
Ofav 4.2,Ofav,PBC,PBC 1,0.028999999999999915,0.05399999999999997,2.064462962962961
Ofav 4.3,Ofav,PBC,PBC 1,0.015649999999999942,-0.1601666666666667,-2.829407407407409
Ofav 4.4,Ofav,Control,Control,0.02488333333333337,0.09716666666666669,0.33246296296295696
Ofav 5.1,Ofav,PBC,PBC 1,0.028749999999999904,0.10016666666666667,0.8954999999999984
Ofav 5.2,Ofav,PBC,PBC 1,0.02344999999999982,-0.09949999999999992,0.033259259259258066
Ofav 5.3,Ofav,PBC,PBC 1,0.006966666666666714,-0.14083333333333337,0.5774814814814823
Ofav 5.4,Ofav,Control,Control,0.02036666666666657,0.008833333333333396,-1.754981481481482
Ofav 6.1,Ofav,PBC,PBC 1,0.03525000000000015,-0.11750000000000001,-0.2726296296296316
Ofav 6.2,Ofav,PBC,PBC 1,0.028683333333333394,-0.09583333333333321,-2.9382407407407407
Ofav 6.3,Ofav,PBC,PBC 1,0.03653333333333345,0.07066666666666672,0.8150925925925966
Ofav 6.4,Ofav,Control,Control,0.018416666666666675,0.03766666666666666,1.9045925925925928
Pcli 4.1,Pcli,PBC,PBC 1,0.034733333333333206,0.3345000000000001,-5.544870370370371
Pcli 4.2,Pcli,PBC,PBC 1,0.024566666666666848,0.15933333333333324,-3.3600555555555567
Pcli 4.3,Pcli,PBC,PBC 1,0.02328333333333325,0.4569999999999999,-1.7527777777777753
Pcli 4.4,Pcli,Control,Control,-0.0019333333333332685,0.06433333333333335,3.6552018518518565
Pcli 5.1,Pcli,PBC,PBC 1,0.014050000000000118,0.17450000000000002,-5.675092592592591
Pcli 5.2,Pcli,PBC,PBC 1,0.031345000000000255,0.10316666666666663,-5.8941851851851865
Pcli 5.3,Pcli,PBC,PBC 1,-0.020099999999999934,-0.06516666666666666,-4.928203703703706
Pcli 5.4,Pcli,Control,Control,0.003266666666666751,-0.047999999999999966,-7.665925925925921
Pcli 6.1,Pcli,PBC,PBC 1,-0.0039000000000000887,0.04149999999999995,-4.403129629629629
Pcli 6.2,Pcli,PBC,PBC 1,0.00334999999999989,0.22633333333333328,-4.431055555555557
Pcli 6.3,Pcli,PBC,PBC 1,0.004499999999999875,0.057166666666666664,-1.2869259259259256
Pcli 6.4,Pcli,Control,Control,0.013683333333333417,0.18883333333333333,-0.19903703703703948
Mcav 4.1,Mcav,PBC,PBC 2,-0.022549999999999848,0.0686666666666667,-1.6876481481481467
Mcav 4.2,Mcav,PBC,PBC 2,0.0049666666666666375,0.09983333333333333,-3.529648148148148
Mcav 4.3,Mcav,PBC,PBC 2,0.02289999999999992,0.08416666666666665,-2.5500925925925935
Mcav 4.4,Mcav,Control,Control,0.041633333333333265,0.02883333333333334,-6.7619259259259294
Mcav 5.1,Mcav,PBC,PBC 2,0.004783333333333435,0.10333333333333335,5.039685185185184
Mcav 5.2,Mcav,PBC,PBC 2,0.0021333333333333946,-0.06433333333333335,0.5717777777777778
Mcav 5.3,Mcav,PBC,PBC 2,0.017616666666666763,0.0665,0.7148888888888862
Mcav 5.4,Mcav,Control,Control,0.0549333333333332,0.10366666666666668,-2.5218888888888884
Mcav 6.1,Mcav,PBC,PBC 2,-0.009116666666666736,0.06716666666666667,1.4437592592592594
Mcav 6.2,Mcav,PBC,PBC 2,0.011883333333333468,-0.03983333333333331,-1.519407407407409
Mcav 6.3,Mcav,PBC,PBC 2,0.010116666666666774,0.00216666666666665,-3.237092592592591
Mcav 6.4,Mcav,Control,Control,0.01496666666666672,0.07633333333333336,-3.0662777777777754
Ofav 4.1,Ofav,PBC,PBC 2,0.02916666666666649,-6.666666666665932e-4,4.138037037037037
Ofav 4.2,Ofav,PBC,PBC 2,-0.0029000000000000505,-0.05766666666666668,1.5504629629629605
Ofav 4.3,Ofav,PBC,PBC 2,0.039516666666666644,-0.02283333333333341,0.6989814814814798
Ofav 4.4,Ofav,Control,Control,0.041250000000000085,0.06883333333333337,-5.190388888888886
Ofav 5.1,Ofav,PBC,PBC 2,0.006483333333333323,-0.0195,2.700407407407404
Ofav 5.2,Ofav,PBC,PBC 2,0.043683333333333074,-0.0561666666666667,4.194185185185188
Ofav 5.3,Ofav,PBC,PBC 2,0.021300000000000097,0.024999999999999984,1.3250185185185188
Ofav 5.4,Ofav,Control,Control,0.05763333333333313,0.018666666666666682,-4.095240740740742
Ofav 6.1,Ofav,PBC,PBC 2,0.05819999999999995,-0.006833333333333395,4.892555555555558
Ofav 6.2,Ofav,PBC,PBC 2,0.08328333333333345,0.00550000000000006,2.6967592592592524
Ofav 6.3,Ofav,PBC,PBC 2,0.055333333333333456,-0.037833333333333385,4.761592592592592
Ofav 6.4,Ofav,Control,Control,0.07158333333333348,0.0011666666666666121,-3.7139444444444436
Pcli 4.1,Pcli,PBC,PBC 2,0.00495000000000001,-0.062333333333333275,-0.139166666666668
Pcli 4.2,Pcli,PBC,PBC 2,-0.001100000000000101,-0.054833333333333366,0.8869444444444431
Pcli 4.3,Pcli,PBC,PBC 2,4.999999999988347e-5,-0.03200000000000003,0.31653703703703684
Pcli 4.4,Pcli,Control,Control,0.04435000000000026,0.029499999999999933,-2.2099259259259276
Pcli 5.1,Pcli,PBC,PBC 2,0.03996666666666678,-0.014000000000000012,2.996925925925924
Pcli 5.2,Pcli,PBC,PBC 2,0.01819999999999992,0.011166666666666695,-1.8599259259259238
Pcli 5.3,Pcli,PBC,PBC 2,0.02003333333333342,0.012999999999999975,-3.3871666666666704
Pcli 5.4,Pcli,Control,Control,0.07988333333333338,0.024333333333333318,-2.57398148148148
Pcli 6.1,Pcli,PBC,PBC 2,-6.833333333335171e-4,-0.030333333333333323,1.7871111111111162
Pcli 6.2,Pcli,PBC,PBC 2,0.01746666666666652,-0.044333333333333336,2.2438703703703715
Pcli 6.3,Pcli,PBC,PBC 2,-0.044950000000000045,0.06416666666666664,0.43803703703703906
Pcli 6.4,Pcli,Control,Control,0.07606666666666644,0.04133333333333337,-1.6944814814814795
Mcav 7.1,Mcav,PBR,PBR 2,0.007099999999999736,0.38233333333333336,2.396000000000003
Mcav 7.2,Mcav,PBR,PBR 2,6.499999999999654e-4,0.2796666666666667,-3.670814814814816
Mcav 7.3,Mcav,PBR,PBR 2,0.026866666666666816,0.030333333333333396,-8.640148148148148
Mcav 7.4,Mcav,Control,Control,0.014700000000000083,-0.011666666666666714,4.1038148148148155
Mcav 8.1,Mcav,PBR,PBR 2,-0.012783333333333147,-0.1476666666666666,-4.2502407407407405
Mcav 8.2,Mcav,PBR,PBR 2,0.02281666666666678,-0.02500000000000006,3.7424814814814837
Mcav 8.3,Mcav,PBR,PBR 2,0.016833333333333183,-0.09133333333333334,-0.5915000000000011
Mcav 8.4,Mcav,Control,Control,0.0054833333333332845,-0.04650000000000006,3.05977777777778
Mcav 9.1,Mcav,PBR,PBR 2,0.005733333333333294,-0.19833333333333333,3.974351851851855
Mcav 9.2,Mcav,PBR,PBR 2,0.012400000000000114,0.017000000000000053,-5.8150740740740785
Mcav 9.3,Mcav,PBR,PBR 2,0.03006666666666676,6.666666666666673e-4,1.7722962962962967
Mcav 9.4,Mcav,Control,Control,0.004250000000000161,0.0038333333333333552,3.985444444444447
Ofav 7.1,Ofav,PBR,PBR 2,0.0016666666666666312,-0.13133333333333339,-1.1620185185185175
Ofav 7.2,Ofav,PBR,PBR 2,0.019466666666666594,0.03883333333333342,-2.090925925925925
Ofav 7.3,Ofav,PBR,PBR 2,0.043216666666666605,-0.04916666666666666,-3.8076111111111075
Ofav 7.4,Ofav,Control,Control,0.023116666666666674,0.006000000000000079,3.8569999999999993
Ofav 8.1,Ofav,PBR,PBR 2,0.009533333333333319,0.05450000000000007,2.7293333333333343
Ofav 8.2,Ofav,PBR,PBR 2,0.023699999999999832,0.057166666666666664,0.7057407407407439
Ofav 8.3,Ofav,PBR,PBR 2,0.05038333333333315,0.28550000000000003,-4.1654629629629625
Ofav 8.4,Ofav,Control,Control,0.012499999999999881,-0.10616666666666674,0.8501481481481529
Ofav 9.1,Ofav,PBR,PBR 2,0.016433333333333227,-0.05900000000000002,-4.146685185185184
Ofav 9.2,Ofav,PBR,PBR 2,0.011266666666666758,0.05466666666666672,-1.3290185185185237
Ofav 9.3,Ofav,PBR,PBR 2,0.029200000000000042,0.007166666666666692,-0.6119074074074101
Ofav 9.4,Ofav,Control,Control,0.010783333333333367,-0.11816666666666668,2.5630925925925987
Pcli 7.1,Pcli,PBR,PBR 2,-0.011433333333333332,-0.0346666666666667,-2.3522407407407377
Pcli 7.3,Pcli,PBR,PBR 2,0.02730000000000003,-0.2803333333333334,-2.873462962962963
Pcli 7.4,Pcli,Control,Control,4.999999999988347e-5,-0.08666666666666674,4.102981481481486
Pcli 8.1,Pcli,PBR,PBR 2,-0.0019666666666665242,0.01200000000000001,-1.0806851851851889
Pcli 8.2,Pcli,PBR,PBR 2,-0.014533333333333212,-0.01250000000000003,-1.5956481481481504
Pcli 8.3,Pcli,PBR,PBR 2,0.02585000000000015,0.15166666666666676,-0.5900185185185194
Pcli 8.4,Pcli,Control,Control,-0.0014333333333335456,-0.03766666666666666,1.3126296296296307
Pcli 9.1,Pcli,PBR,PBR 2,0.03141666666666687,-0.05950000000000003,-2.9180925925925933
Pcli 9.2,Pcli,PBR,PBR 2,-0.04205,0.26633333333333337,-0.9509629629629615
Pcli 9.3,Pcli,PBR,PBR 2,0.0017999999999999499,0.22216666666666662,-1.2618518518518513
Pcli 9.4,Pcli,Control,Control,0.008433333333333515,0.05116666666666673,4.01848148148149
Mcav 1.1,Mcav,PBR,PBR 3,0.10798333333333332,0.03366666666666666,0.41574074074074
Mcav 1.2,Mcav,PBR,PBR 3,-0.009933333333333275,0.09583333333333337,-4.1678888888888865
Mcav 1.3,Mcav,PBR,PBR 3,0.07710000000000032,-0.03316666666666657,-3.5564999999999976
Mcav 1.4,Mcav,Control,Control,0.1310500000000001,-0.07100000000000002,2.606481481481476
Mcav 2.1,Mcav,PBR,PBR 3,0.04435000000000026,0.0028333333333333544,0.4177962962962975
Mcav 2.2,Mcav,PBR,PBR 3,0.002549999999999978,-0.031166666666666638,-6.192925925925917
Mcav 2.3,Mcav,PBR,PBR 3,0.050500000000000135,0.014333333333333309,1.656240740740742
Mcav 2.4,Mcav,Control,Control,0.004933333333333678,0.0195,0.4794444444444442
Mcav 3.1,Mcav,PBR,PBR 3,-0.04978333333333337,0.0676666666666667,-5.444722222222225
Mcav 3.2,Mcav,PBR,PBR 3,0.02790000000000011,-0.009333333333333268,-0.8565740740740727
Mcav 3.3,Mcav,PBR,PBR 3,0.0702499999999997,-0.01383333333333329,-0.1859814814814816
Mcav 3.4,Mcav,Control,Control,0.06104999999999983,0.0346666666666667,-3.490166666666667
Ofav 1.1,Ofav,PBR,PBR 3,0.08078333333333336,-0.04283333333333328,3.8333518518518517
Ofav 1.2,Ofav,PBR,PBR 3,0.020833333333333332,0.03966666666666674,-0.14798148148148016
Ofav 1.3,Ofav,PBR,PBR 3,0.029099999999999977,-0.044333333333333336,1.2610925925925898
Ofav 1.4,Ofav,Control,Control,0.08131666666666722,0.11933333333333336,-0.22138888888888886
Ofav 2.1,Ofav,PBR,PBR 3,0.028133333333333194,0.11200000000000003,0.4169814814814809
Ofav 2.2,Ofav,PBR,PBR 3,0.007716666666666742,0.03549999999999994,-0.643814814814815
Ofav 2.3,Ofav,PBR,PBR 3,0.0758049999999999,0.031166666666666714,-0.13764814814814721
Ofav 2.4,Ofav,Control,Control,0.04126666666666671,0.08683333333333339,-1.277796296296297
Ofav 3.1,Ofav,PBR,PBR 3,0.0665333333333334,0.03983333333333331,-5.119777777777777
Ofav 3.2,Ofav,PBR,PBR 3,0.04733333333333315,0.05683333333333337,-2.7434259259259286
Ofav 3.3,Ofav,PBR,PBR 3,0.023183333333333483,0.027333333333333282,-3.2118333333333333
Ofav 3.4,Ofav,Control,Control,0.055933333333333245,0.05449999999999999,-0.9909444444444423
Pcli 1.1,Pcli,PBR,PBR 3,0.059183333333333366,-0.018666666666666682,4.173222222222225
Pcli 1.2,Pcli,PBR,PBR 3,-0.005550000000000092,0.09899999999999998,-1.4928703703703714
Pcli 1.3,Pcli,PBR,PBR 3,0.06236666666666638,0.04950000000000002,-1.9754814814814807
Pcli 1.4,Pcli,Control,Control,7.333333333334006e-4,0.5536666666666666,2.959740740740744
Pcli 2.1,Pcli,PBR,PBR 3,0.04878333333333392,0.09749999999999999,2.487074074074075
Pcli 2.2,Pcli,PBR,PBR 3,0.06315000000000026,0.044333333333333336,-0.38611111111111285
Pcli 2.3,Pcli,PBR,PBR 3,0.007033333333333521,0.46833333333333343,2.3941296296296315
Pcli 2.4,Pcli,Control,Control,0.021816666666666745,-0.012166666666666584,2.6199259259259216
Pcli 3.1,Pcli,PBR,PBR 3,0.04768333333333352,0.06099999999999994,0.4934999999999974
Pcli 3.2,Pcli,PBR,PBR 3,0.04021666666666649,0.05116666666666658,0.677574074074073
Pcli 3.3,Pcli,PBR,PBR 3,0.029233333333333295,0.027833333333333304,-0.4362037037037017
Pcli 3.4,Pcli,Control,Control,0.03531666666666666,0.07600000000000007,1.6244074074074106
Mcav 10.1,Mcav,PBC,PBC 3,0.0015499999999999403,0.04049999999999998,-6.342759259259258
Mcav 10.2,Mcav,PBC,PBC 3,0.038716666666666434,0.007666666666666637,-7.475814814814815
Mcav 10.3,Mcav,PBC,PBC 3,0.01366666666666679,0.015833333333333366,-5.058203703703704
Mcav 10.4,Mcav,Control,Control,-0.025400000000000016,0.00516666666666669,1.830037037037035
Mcav 11.1,Mcav,PBC,PBC 3,0.090083333333333,-0.003833333333333281,-7.479925925925923
Mcav 11.2,Mcav,PBC,PBC 3,0.02511666666666675,0.013500000000000068,-8.151055555555553
Mcav 11.3,Mcav,PBC,PBC 3,0.011883333333333468,-0.08549999999999998,-8.903944444444447
Mcav 11.4,Mcav,Control,Control,0.005649999999999859,0.3081666666666667,-0.7434814814814814
Mcav 12.1,Mcav,PBC,PBC 3,0.08648333333333369,-0.020500000000000036,-6.700444444444446
Mcav 12.2,Mcav,PBC,PBC 3,7.999999999999119e-4,-0.029333333333333284,-5.729277777777774
Mcav 12.3,Mcav,PBC,PBC 3,0.05580000000000022,-0.0476666666666666,-4.839148148148148
Mcav 12.4,Mcav,Control,Control,-0.0011666666666669083,-0.27666666666666667,2.960203703703705
Ofav 10.1,Ofav,PBC,PBC 3,0.010799999999999699,0.011666666666666417,-2.8270555555555554
Ofav 10.2,Ofav,PBC,PBC 3,0.09388333333333303,-0.07633333333333336,-2.852185185185187
Ofav 10.3,Ofav,PBC,PBC 3,0.11526666666666685,0.00883333333333347,-3.704037037037035
Ofav 10.4,Ofav,Control,Control,0.14065000000000025,-0.03716666666666679,0.7173703703703751
Ofav 11.1,Ofav,PBC,PBC 3,0.06986666666666667,-0.08833333333333322,-0.791666666666662
Ofav 11.2,Ofav,PBC,PBC 3,0.04751666666666665,0.08099999999999996,0.10161111111110917
Ofav 11.3,Ofav,PBC,PBC 3,0.03709999999999999,0.017666666666666647,-0.7599629629629613
Ofav 11.4,Ofav,Control,Control,0.009049999999999928,0.008500000000000027,1.6347407407407435
Ofav 12.1,Ofav,PBC,PBC 3,0.05113333333333318,0.019333333333333275,0.1731851851851829
Ofav 12.2,Ofav,PBC,PBC 3,0.13713333333333289,-0.03216666666666675,-1.346037037037038
Ofav 12.3,Ofav,PBC,PBC 3,0.13099999999999964,-0.004833333333333319,-1.4308888888888873
Ofav 12.4,Ofav,Control,Control,0.059199999999999996,-0.06483333333333323,0.8770740740740735
Pcli 10.1,Pcli,PBC,PBC 3,-0.1323833333333336,-0.0040000000000000036,-2.4580740740740743
Pcli 10.2,Pcli,PBC,PBC 3,0.043833333333333314,0.08683333333333332,-4.65298148148148
Pcli 10.3,Pcli,PBC,PBC 3,0.04598333333333334,0.009000000000000044,-2.660370370370373
Pcli 10.4,Pcli,Control,Control,-0.012933333333333094,-0.053833333333333254,1.3805925925925966
Pcli 11.1,Pcli,PBC,PBC 3,-0.03701666666666655,-0.03333333333333336,-3.74961111111111
Pcli 11.2,Pcli,PBC,PBC 3,-0.07136666666666673,0.021666666666666723,-1.445314814814817
Pcli 11.3,Pcli,PBC,PBC 3,0.07444999999999997,0.058499999999999996,-4.22157407407407
Pcli 11.4,Pcli,Control,Control,-0.002650000000000041,0.024333333333333318,-0.5531666666666647
Pcli 12.1,Pcli,PBC,PBC 3,-0.05555000000000021,-0.05250000000000007,-4.705981481481483
Pcli 12.2,Pcli,PBC,PBC 3,0.07100000000000002,0.04616666666666669,-2.0629074074074034
Pcli 12.3,Pcli,PBC,PBC 3,0.04898333333333316,-0.06350000000000004,-1.1695555555555568
Pcli 12.4,Pcli,Control,Control,-0.021466666666666672,-0.05433333333333327,0.6791481481481488
Mcav 7.1,Mcav,PBR,PBR 4,0.01738333333333338,0.005499999999999987,1.825833333333333
Mcav 7.2,Mcav,PBR,PBR 4,0.013333333333333345,-0.07716666666666668,-0.6690185185185152
Mcav 7.3,Mcav,PBR,PBR 4,0.056699999999999896,-0.0366666666666667,2.4254074074074077
Mcav 7.4,Mcav,Control,Control,0.0593833333333332,0.008499999999999952,1.0508518518518504
Mcav 8.1,Mcav,PBR,PBR 4,0.046066666666666777,-0.0843333333333333,-0.007296296296296134
Mcav 8.2,Mcav,PBR,PBR 4,0.02283333333333341,-0.017666666666666647,0.1930000000000002
Mcav 8.3,Mcav,PBR,PBR 4,0.03655000000000008,-0.0036666666666666328,1.9526666666666657
Mcav 8.4,Mcav,Control,Control,0.037816666666666755,-0.006000000000000005,0.707425925925925
Mcav 9.1,Mcav,PBR,PBR 4,0.009233333333333427,-0.11266666666666669,0.7363148148148161
Mcav 9.2,Mcav,PBR,PBR 4,0.06608333333333327,-0.010333333333333306,0.38505555555555776
Mcav 9.3,Mcav,PBR,PBR 4,0.02183333333333337,-0.033833333333333306,0.7742037037037051
Mcav 9.4,Mcav,Control,Control,0.07095000000000014,0.028000000000000025,1.588629629629627
Ofav 7.1,Ofav,PBR,PBR 4,0.04908333333333322,0.0011666666666667602,7.419537037037038
Ofav 7.2,Ofav,PBR,PBR 4,0.03185000000000008,-0.06199999999999998,7.159925925925926
Ofav 7.3,Ofav,PBR,PBR 4,0.009250000000000055,-0.04283333333333328,-0.6177777777777796
Ofav 7.4,Ofav,Control,Control,0.04161666666666649,0.14149999999999996,8.329648148148145
Ofav 8.1,Ofav,PBR,PBR 4,0.005433333333333401,-9.999999999999638e-4,9.69225925925926
Ofav 8.2,Ofav,PBR,PBR 4,0.04343333333333336,0.008500000000000027,9.54209259259259
Ofav 8.3,Ofav,PBR,PBR 4,0.055483333333333405,0.009000000000000044,7.244722222222225
Ofav 8.4,Ofav,Control,Control,0.09016666666666644,0.16649999999999995,2.053148148148144
Ofav 9.1,Ofav,PBR,PBR 4,0.037216666666666676,-0.009999999999999934,8.200425925925925
Ofav 9.2,Ofav,PBR,PBR 4,0.0725666666666666,0.014500000000000105,6.563574074074073
Ofav 9.3,Ofav,PBR,PBR 4,0.01943333333333334,-0.033999999999999954,6.884962962962963
Ofav 9.4,Ofav,Control,Control,0.06468333333333358,0.11816666666666668,0.41500000000000153
Pcli 7.1,Pcli,PBR,PBR 4,0.019083333333333268,0.08866666666666667,6.988944444444445
Pcli 7.2,Pcli,PBR,PBR 4,0.013733333333333597,0.08183333333333336,6.281277777777778
Pcli 7.3,Pcli,PBR,PBR 4,0.020716666666666644,0.03816666666666668,5.655222222222221
Pcli 7.4,Pcli,Control,Control,0.060549999999999805,0.06549999999999996,2.141037037037035
Pcli 8.1,Pcli,PBR,PBR 4,0.05449999999999999,0.11833333333333333,5.435611111111108
Pcli 8.2,Pcli,PBR,PBR 4,0.07895000000000015,0.0650000000000001,5.752796296296296
Pcli 8.3,Pcli,PBR,PBR 4,0.04375000000000018,-0.03083333333333334,8.24761111111111
Pcli 8.4,Pcli,Control,Control,0.08706666666666685,0.07966666666666662,2.3411481481481453
Pcli 9.1,Pcli,PBR,PBR 4,0.011433333333333332,0.00216666666666665,7.000481481481482
Pcli 9.2,Pcli,PBR,PBR 4,0.06223333333333336,0.05966666666666668,6.362074074074073
Pcli 9.3,Pcli,PBR,PBR 4,0.051283333333333125,0.03916666666666665,7.147685185185186
Pcli 9.4,Pcli,Control,Control,0.027416666666666718,0.007333333333333414,2.059259259259259
